input1,input2,true_output,fortran_pred,tensorflow_pred
 -1.190817,  1.471815,  6.967398,  6.275621,  6.275619
 -1.510556, -0.621222, 18.188990, 17.851287, 17.851288
  0.246736, -1.337883, 57.815060, 58.008188, 58.008183
  0.026316,  0.292764,  6.731941,  6.611400,  6.611408
 -1.323804,  1.159435, 12.752804, 12.622294, 12.622293
  0.251154, -0.981921, 40.509588, 40.693015, 40.693020
 -0.836609, -0.945880, 11.251043, 11.561043, 11.561045
  0.876450,  0.736046, 78.241800, 78.066717, 78.066719
 -1.661685, -1.334518,  6.279188,  6.353329,  6.353332
 -0.179878,  1.207548, 13.202100, 12.660724, 12.660719
 -1.089358,  0.367234,  4.116435,  4.301817,  4.301811
  1.144752,  0.149231, 94.052449, 94.148480, 94.148476
  1.282952, -1.288655,148.686384,148.204563,148.204575
  1.311841,  0.147120,109.157452,109.066069,109.066071
  0.966844, -1.044272, 93.002257, 92.837394, 92.837387
 -0.332995,  1.501180, -2.297874, -2.295664, -2.295666
  1.113876,  0.799416, 52.567008, 52.576315, 52.576309
 -1.651521,  0.789627,  4.050885,  4.332150,  4.332149
  1.553353, -0.940649,161.090445,160.927359,160.927353
  1.566196,  0.623723, 88.892417, 89.030405, 89.030411
 -0.823288,  1.624172, 10.670838, 10.127762, 10.127760
 -1.442146, -0.392759, 27.459555, 27.145905, 27.145905
  0.592098,  0.776100, 17.854771, 17.766833, 17.766827
  1.201969,  1.460818, 64.489779, 64.148221, 64.148232
 -1.062693, -1.226261,  5.047453,  5.070728,  5.070724
 -1.282960, -0.074459, -1.308737, -1.447976, -1.447975
 -1.458233,  1.019472,  5.593943,  6.073249,  6.073253
 -0.408179,  1.594966, 26.437827, 25.965885, 25.965881
 -0.325929,  1.691223,-20.401532,-19.945097,-19.945099
 -0.800607, -1.716838, 19.593524, 19.373619, 19.373611
  1.668204, -0.475860,127.975560,128.827334,128.827332
 -1.023750,  0.277918, -3.445106, -3.628638, -3.628636
 -0.598845,  0.042721, -0.016697, -0.098888, -0.098904
  0.545926,  0.524567, 23.060802, 23.526124, 23.526121
  0.430427,  0.396899, 26.550549, 27.004070, 27.004059
 -0.484713,  0.810618,  2.319502,  1.932733,  1.932735
  1.234981, -0.051235, 85.809972, 85.721085, 85.721092
  1.635129,  0.815910, 88.389392, 88.367823, 88.367828
  1.095720, -1.683270,128.154779,127.624046,127.624046
 -0.042655, -1.165223, 32.566839, 32.873343, 32.873329
  1.164100,  0.507361, 67.202712, 67.407150, 67.407150
  0.503548, -0.951388, 59.740484, 59.706500, 59.706490
 -1.223220, -1.039872, 31.087673, 30.428947, 30.428936
 -0.182184, -1.450399, 43.882241, 43.788678, 43.788670
 -0.268665,  1.534162,-14.524665,-14.674155,-14.674156
 -0.184645,  0.657987, 17.154734, 16.492219, 16.492214
 -0.592971, -0.122592, 20.920906, 20.668565, 20.668556
 -1.601598,  0.326878,  3.092870,  2.960431,  2.960434
 -0.375609,  0.019973, 38.995812, 38.727411, 38.727406
  1.642079,  0.059877,106.863646,106.928323,106.928314
 -1.188527,  0.148956, -3.382150, -3.490500, -3.490505
 -0.011138, -0.201213, 18.444019, 18.140220, 18.140226
 -0.794123,  1.413401,-15.934021,-16.282975,-16.282978
  1.054114,  1.258506, 39.368061, 39.379418, 39.379406
  0.758086,  0.153381, 43.931142, 43.782821, 43.782818
 -0.728648, -0.688246, 21.526853, 21.398461, 21.398451
  1.539782,  0.570184, 91.020510, 90.765207, 90.765190
 -0.923494,  1.107093,-12.801952,-13.040783,-13.040791
  0.683921,  0.414384, 48.947607, 49.071231, 49.071220
  1.581632, -0.965621,141.662074,141.608746,141.608734
  1.606250, -1.502685,169.704783,169.554202,169.554230
  1.691540, -1.174269,154.572078,154.710921,154.710922
 -0.114838,  1.639981, 18.385620, 17.779418, 17.779411
 -0.605172,  0.262697, -3.541301, -3.681582, -3.681580
 -0.758065, -0.973173,  8.645556,  8.181994,  8.181992
 -1.363432, -0.258139,  0.286971,  0.231955,  0.231945
 -1.632353, -0.340581, 11.928629, 11.492962, 11.492964
  1.458035,  0.727786, 82.064411, 82.208891, 82.208878
 -1.065504,  1.245889,-12.103341,-12.668421,-12.668419
  1.129967, -0.699587,117.510659,117.272641,117.272652
  0.570176,  0.330324, 35.030597, 34.927171, 34.927166
  1.087490, -0.465681, 83.620327, 83.785783, 83.785767
  0.082769,  1.186506, -4.493697, -4.317422, -4.317429
 -0.129389, -0.305682, 49.722034, 49.580662, 49.580654
 -0.677429, -1.426068, 32.529327, 32.320250, 32.320248
 -0.063519,  1.588695,-14.148176,-13.830022,-13.830013
 -1.415905, -1.455552,  7.890874,  7.502559,  7.502563
  0.758545,  1.178073, 36.589323, 36.355367, 36.355366
  1.685566,  1.482806, 81.686153, 81.711107, 81.711098
 -1.226799,  1.313536,  3.162843,  3.559953,  3.559948
  0.643520, -1.245340, 77.337029, 77.223255, 77.223259
 -1.234490, -1.592793, 11.599871, 11.409471, 11.409464
 -0.110182, -0.636269, 22.528100, 22.289852, 22.289850
 -0.735332, -1.158492,  8.936213,  9.037114,  9.037102
 -0.878895, -0.907069,  4.264800,  4.369461,  4.369461
  1.473592, -1.559348,145.519815,145.617895,145.617889
  1.527133,  0.940012, 69.637896, 69.633395, 69.633400
  0.588768, -1.160635, 87.718866, 87.842006, 87.841988
  0.313692,  0.276065, 20.325137, 20.218835, 20.218838
  1.409576, -0.292970,135.325389,135.443460,135.443481
  0.328747, -0.199091, 27.579422, 27.519985, 27.519979
  0.058010, -1.022705, 31.526460, 31.506574, 31.506577
 -1.547188, -1.724434,  8.839921,  8.017478,  8.017475
  1.118474,  1.091149, 50.209784, 50.298526, 50.298531
  0.584506,  1.610900, 49.032018, 49.119349, 49.119350
 -0.335416, -0.255050,  6.908193,  6.649047,  6.649047
 -0.995868,  1.480770,-15.099445,-15.514520,-15.514530
  0.247246, -1.735185, 79.866095, 79.324012, 79.324005
 -0.691236, -1.694745, 32.487746, 32.552408, 32.552406
 -0.451946,  1.565720, 14.231645, 14.051335, 14.051340
  0.415142, -0.908412, 69.837635, 69.620446, 69.620438
 -0.348297,  1.428465,-18.276528,-18.376038,-18.376049
  1.507227, -0.536560,114.839211,115.109805,115.109802
 -1.575448, -1.665751, 20.268285, 19.526717, 19.526718
 -0.487715,  1.322743,-15.172055,-15.784942,-15.784950
  1.722557, -0.496981,155.595996,155.614779,155.614777
  1.262443, -0.791529,109.389371,109.419384,109.419380
  1.110381, -1.719253,123.236127,123.358791,123.358772
  0.298533,  0.561800, 16.172046, 16.344575, 16.344574
  0.244728,  1.054098, -0.705174, -0.883049, -0.883042
  0.461605, -0.298869, 42.209585, 42.161854, 42.161846
 -0.530825, -1.205888, 14.147493, 14.304108, 14.304111
 -1.688968,  0.132261,  5.664082,  5.730634,  5.730636
 -1.677588, -0.419745, 32.939915, 32.184514, 32.184513
 -1.230630,  0.983740, 29.271245, 28.735639, 28.735645
 -0.376541, -0.006941, 10.846428, 10.833583, 10.833578
 -0.190463,  1.310798,  8.184835,  7.597494,  7.597492
 -1.282936,  1.471436,  6.214248,  5.978019,  5.978019
  0.867983, -1.132223, 85.782395, 86.148294, 86.148277
 -0.934314, -0.092904, -1.823793, -1.816445, -1.816441
 -1.619249,  1.375894, 29.377569, 28.569606, 28.569603
 -1.115441,  0.688971,  7.840241,  7.651936,  7.651935
  1.164507,  1.694422, 25.832721, 25.787803, 25.787796
 -0.911054,  1.607910,-17.297636,-17.405933,-17.405930
 -0.714195,  0.144753,  3.034555,  2.937285,  2.937286
  1.306319, -1.438630,133.182049,133.124924,133.124939
 -0.137341,  1.308478, -4.326895, -4.889571, -4.889576
  1.227339, -0.931358,109.623083,109.851078,109.851082
  1.526261,  1.195067, 84.934331, 84.500304, 84.500290
 -1.583795,  0.532330, 20.305338, 19.952000, 19.951996
 -1.640990, -0.844029, 42.949505, 42.552904, 42.552906
 -0.490461,  1.406875, -6.746627, -7.014130, -7.014134
  0.513800,  1.339045, 47.280801, 47.324951, 47.324955
 -1.050295, -1.597761, 22.556576, 23.177340, 23.177334
  0.212702,  1.101804,  4.022635,  4.063187,  4.063179
 -0.746067,  1.655200,-18.801157,-18.573894,-18.573887
  0.366138, -0.349521, 64.543882, 64.640086, 64.640076
  0.639927, -0.823855, 95.765489, 95.743977, 95.743980
  1.073203,  1.208874, 31.076280, 31.513444, 31.513453
  0.043976, -0.461734, 55.034910, 55.128472, 55.128471
 -0.796486,  1.278094, -5.642937, -5.683926, -5.683930
 -0.735120, -1.539917, 27.347463, 27.120130, 27.120125
  1.239883, -0.379265, 92.008063, 92.151716, 92.151711
  1.215119, -1.758949,129.481375,129.810906,129.810898
  1.198301,  1.267756, 37.605981, 37.597298, 37.597294
 -1.166540, -1.066964, 18.408872, 17.824914, 17.824907
  0.343422, -1.311535, 73.455235, 73.036197, 73.036194
  0.314532,  0.281163, 23.476215, 23.330027, 23.330023
 -1.118238, -1.153670, 22.257286, 22.117404, 22.117405
  1.296403, -1.071937,151.687173,151.132022,151.131989
  1.390470,  0.616913, 68.949064, 68.968562, 68.968544
  0.655282,  1.269079, 15.196960, 15.588067, 15.588062
  1.390937, -1.078057,122.857713,122.988794,122.988792
  1.391425,  1.602732, 37.185425, 37.329666, 37.329674
 -0.111184, -1.666294, 55.872275, 55.573021, 55.573021
  0.480670,  1.349309,  6.691996,  6.986134,  6.986137
 -1.120582, -1.039897,  6.648771,  6.168602,  6.168594
  0.896645,  0.806076, 38.186436, 38.104302, 38.104298
 -1.357344, -1.762722, 36.316032, 34.876613, 34.876621
  0.423690, -0.273897, 35.420488, 35.636969, 35.636967
  0.439608, -0.427660, 50.246907, 50.670082, 50.670082
 -0.903543, -0.103458,  1.230088,  0.689440,  0.689441
  0.716712,  1.467945, 55.121476, 55.177041, 55.177040
 -0.792956,  1.606214,-19.318060,-19.028421,-19.028423
 -1.512713, -0.649746, 11.875807, 12.133085, 12.133087
  0.792212, -0.228339, 74.956827, 74.883596, 74.883591
  0.055567,  0.452304, 13.670449, 13.483228, 13.483225
 -0.099455,  0.953482, -3.006108, -3.268601, -3.268601
 -0.872632, -1.642087, 10.992072, 11.215746, 11.215744
  0.622597,  1.091639, 50.952134, 51.365866, 51.365868
 -1.334288,  0.402425, 25.590320, 25.554675, 25.554668
 -1.660707,  0.781794,  5.805796,  5.939996,  5.940006
  0.155234, -1.326860, 66.190151, 66.372703, 66.372704
  0.999064, -1.578599,104.931082,104.811418,104.811417
  1.410458, -1.271525,134.879122,134.774743,134.774734
  1.130062, -0.048230, 97.101277, 96.382978, 96.382973
  0.891446, -1.322743, 92.722385, 93.123557, 93.123535
 -1.113104,  0.267453, -5.034672, -4.926368, -4.926369
  1.059612,  0.023572, 97.429794, 97.811924, 97.811920
  0.688576, -1.062363, 67.444236, 67.742679, 67.742668
  0.368255, -0.275461, 38.167010, 38.116422, 38.116421
  0.609564,  0.345340, 47.052008, 47.421292, 47.421284
  1.644325, -1.187086,157.711092,157.092455,157.092468
  0.049405, -1.606933, 62.462267, 62.523985, 62.523987
  1.006417, -1.575985,107.951849,107.895571,107.895569
 -1.296251, -1.106825, 16.353856, 16.111423, 16.111420
  0.926981,  1.610908, 12.084445, 11.881598, 11.881611
 -0.369727,  1.397824,-10.693955,-11.027738,-11.027740
  0.394738,  0.894808,  8.843208,  8.887696,  8.887691
 -0.737258, -0.148012, -0.961011, -1.177461, -1.177460
  0.080730, -1.089225, 55.209953, 54.968893, 54.968895
  0.278302,  1.198930, 42.216153, 41.979848, 41.979839
 -1.153510, -0.394231,  2.807589,  2.738791,  2.738792
 -0.395733,  0.564557,  6.577668,  6.185234,  6.185234
 -0.921088, -1.591665, 10.421951, 10.389721, 10.389730
  0.342640, -0.561609, 63.226383, 62.849598, 62.849598
 -1.258469,  0.664365,  6.289248,  6.454732,  6.454738
  1.097234,  0.164871, 84.035297, 84.179762, 84.179756
  1.426660, -1.742708,146.839342,146.821794,146.821793
  0.582277,  0.661529, 38.261412, 38.304512, 38.304504
  1.097082,  1.309995, 71.050984, 70.816950, 70.816948
  0.797829, -0.201351, 69.559192, 69.810044, 69.810036
 -0.862039, -1.125773, 31.805410, 31.670992, 31.670988
 -1.217398, -0.138301,  4.867664,  5.005114,  5.005111
 -0.342668,  0.126660, 20.494655, 20.381309, 20.381311
 -1.084455, -0.468162, 12.032560, 11.325629, 11.325626
 -1.172289, -1.124554, 10.903443, 10.462748, 10.462742
 -0.553143, -0.219943, 27.892493, 27.800135, 27.800133
  0.938988, -1.010817,120.932472,120.261941,120.261932
 -0.700191, -1.278077, 16.794774, 16.520906, 16.520903
  1.404440,  1.624758, 46.868933, 46.956420, 46.956417
  1.277120, -1.177456,134.482994,134.701633,134.701614
  0.274884, -1.588766, 74.064324, 73.631188, 73.631180
  0.525288, -0.368186, 54.895531, 54.946154, 54.946159
 -1.363432, -1.740815,  5.980911,  5.926713,  5.926708
  1.577092,  1.716678, 65.723457, 64.918079, 64.918068
 -1.363273,  1.155192, 14.327822, 13.641243, 13.641241
  0.601278, -1.068857, 64.507015, 65.051104, 65.051094
 -1.194999,  0.852364, -5.960164, -6.185750, -6.185750
  1.015269, -0.487911,107.594614,107.689901,107.689903
  0.675150, -0.868623, 67.703054, 67.654324, 67.654312
  0.486350, -0.906083, 70.828757, 71.047173, 71.047157
  1.650542,  1.442527,106.715002,106.263385,106.263397
 -0.969379,  0.173348,  4.960799,  4.832289,  4.832290
 -1.544426, -0.930885, 31.064009, 30.069150, 30.069143
 -0.610224, -1.615137, 21.532962, 21.512837, 21.512840
  0.404893, -0.602019, 68.797751, 68.558597, 68.558578
 -0.871857, -1.676406, 30.084933, 30.028720, 30.028715
  0.530555,  1.058559,  9.372748,  9.850756,  9.850746
 -0.067456,  1.033461, -5.745429, -5.937572, -5.937577
 -0.827342, -0.057498, -2.794260, -3.153584, -3.153588
  0.143752,  0.032227, 18.920608, 18.872784, 18.872789
 -0.673108,  0.396588, -6.801497, -7.103575, -7.103577
  1.000439,  0.242686, 59.212272, 59.339256, 59.339249
 -0.142589, -0.186635, 17.144110, 17.007343, 17.007338
  0.707099, -1.217745, 85.024929, 84.873430, 84.873421
  0.984817,  1.476642, 23.337516, 23.333357, 23.333361
  0.717147,  0.792887, 47.305594, 46.964390, 46.964382
 -0.987059, -0.963250, 15.143976, 15.272566, 15.272562
 -0.392217,  0.369110,  9.634068,  9.670354,  9.670347
  0.592949, -1.274196, 68.489804, 68.792595, 68.792587
 -0.608128, -1.725344, 34.310946, 34.413826, 34.413815
  0.493958,  1.626214, -4.218565, -4.553794, -4.553795
 -0.785648, -0.809795, 16.599260, 16.214745, 16.214748
  1.546092,  0.920834, 74.049097, 74.242622, 74.242622
  0.943137,  0.901786, 38.107746, 38.070664, 38.070663
  0.878431,  0.066530, 53.285657, 53.415783, 53.415783
 -0.193005, -1.394363, 27.564536, 27.889494, 27.889496
 -0.430619,  0.372158, 26.677660, 26.068548, 26.068535
 -0.833562, -0.743430,  3.281220,  3.557796,  3.557804
  1.560746, -1.666339,191.369094,189.747389,189.747406
  1.500862, -0.767591,144.796422,144.722816,144.722809
  0.520162, -0.290711, 39.482785, 39.675957, 39.675949
  0.301478,  0.218658, 42.679457, 42.670866, 42.670860
  0.490412,  1.172138,  7.990489,  8.020590,  8.020592
 -0.592218, -1.664962, 49.008905, 49.180872, 49.180870
  0.977457,  0.229189, 63.658936, 63.482526, 63.482521
  0.953049, -1.303315, 99.789229, 99.841196, 99.841194
  1.528713,  1.430781, 51.842312, 51.995022, 51.995018
 -1.071473, -0.426405,  0.519383,  0.434421,  0.434421
  1.083343, -0.787592, 88.800312, 89.035352, 89.035355
 -0.417076, -1.457474, 45.016490, 44.620260, 44.620255
 -0.003998, -1.608633, 55.350339, 55.182299, 55.182293
  1.246058,  1.068162, 45.249602, 45.147388, 45.147381
 -0.524626,  1.385828,-15.277305,-15.316528,-15.316521
 -0.631365, -1.551898, 26.165341, 26.509772, 26.509766
 -0.247183,  0.597335, 38.769116, 38.432882, 38.432884
  1.183190, -0.053605, 87.135113, 87.445517, 87.445526
 -0.591652,  1.062387,-13.926818,-14.179092,-14.179089
 -0.571542,  1.708740, -1.761589, -2.310002, -2.310005
 -0.545283, -0.431525, 23.452757, 23.237579, 23.237574
 -1.321971, -1.719808, 18.845482, 19.149082, 19.149071
 -1.116581,  0.979462, 14.037506, 13.628436, 13.628435
 -0.191932, -1.625328, 42.538153, 42.742401, 42.742401
  1.532937,  0.357579, 87.771573, 88.105610, 88.105598
  0.220314,  0.391336, 29.495657, 28.984120, 28.984119
  1.314403, -0.401561,100.785319,101.195112,101.195107
 -0.264175, -1.650578, 30.675169, 30.878372, 30.878366
  1.380617, -1.725957,151.185947,150.507582,150.507568
 -0.519010, -0.868244, 50.809489, 50.600097, 50.600109
 -1.025132, -0.556946, 15.316555, 14.744487, 14.744480
  0.404608, -1.455680, 65.755764, 65.991470, 65.991463
 -1.364475,  0.487275, 13.655618, 13.312617, 13.312624
  1.582813,  0.133404,101.122545,100.823113,100.823112
  1.250291, -1.363340,118.283864,118.154804,118.154793
  1.406526,  1.349352, 47.321408, 47.353684, 47.353687
  0.091979,  1.679489,-13.152323,-13.401894,-13.401897
 -1.042425,  0.209728, 17.041177, 16.708378, 16.708374
  1.471964,  0.980310, 65.869198, 66.090531, 66.090530
  0.183078, -1.394093, 49.611563, 49.569015, 49.569012
 -1.149740,  1.585601,  0.284877,  0.608882,  0.608883
  0.445266, -0.014003, 37.509851, 37.435179, 37.435173
 -1.353763, -0.478798,  1.153857,  1.078898,  1.078895
  0.068857, -1.484789, 44.437504, 44.644740, 44.644733
 -1.583097, -1.422560, 15.908931, 15.061676, 15.061668
 -1.314415,  1.398576,  5.123124,  5.398933,  5.398937
  0.593852, -0.980502, 66.440636, 66.340970, 66.340981
  1.366284,  1.640105, 34.640201, 34.678248, 34.678249
  0.609120,  0.923343, 15.431161, 15.723080, 15.723080
  0.192916,  1.035439,  3.361868,  3.257745,  3.257744
 -0.961332, -1.703273, 17.457749, 18.180299, 18.180292
 -1.091654, -0.247242, 18.917650, 18.804765, 18.804770
  1.714861, -1.171010,156.677125,156.370633,156.370621
 -1.408770,  0.921218, -2.594394, -2.357061, -2.357067
  0.288768,  1.183848, -1.699876, -1.618792, -1.618801
  0.366654, -0.898653, 52.902664, 53.279744, 53.279728
 -0.622157,  1.049933,-13.025690,-13.675677,-13.675674
  1.139147, -0.098233, 74.471069, 74.626571, 74.626572
  1.307892, -1.059146,114.487710,114.531472,114.531456
  0.155812, -0.742539, 31.238580, 31.351809, 31.351807
  0.483699, -0.725883, 55.947153, 56.023038, 56.023033
 -1.119797, -1.451091,  5.818813,  6.203437,  6.203437
 -1.542220, -0.269756, 17.327597, 17.143834, 17.143835
 -0.626959,  0.145747, -2.566400, -2.808752, -2.808766
  0.689303, -0.958798, 83.346642, 83.167306, 83.167313
 -0.401672,  0.816453, 11.281589, 10.786943, 10.786949
 -1.085890,  0.079354, -1.760998, -1.724525, -1.724526
 -1.035936, -0.626439, 40.779413, 40.324885, 40.324894
  1.428817, -1.402795,142.345912,142.195753,142.195755
 -1.621980, -0.917231,  9.454283,  9.398790,  9.398794
 -0.217732, -0.155419, 15.333947, 15.328634, 15.328636
  0.198017, -0.447624, 27.071023, 27.302713, 27.302713
 -1.432723,  0.579826,  8.964776,  8.991381,  8.991383
 -0.184128,  1.145021,-10.899816,-11.052363,-11.052372
 -0.443994, -0.164545, 28.149509, 27.497641, 27.497633
 -1.163491, -1.047665,  3.847182,  3.098742,  3.098732
  0.316985, -0.188814, 41.532482, 42.012132, 42.012131
 -1.225318,  0.586659,  1.395443,  1.189456,  1.189453
  0.601834,  0.937258, 34.296690, 34.101762, 34.101753
 -0.972069,  0.116086, 13.488643, 13.028639, 13.028641
  1.534441,  0.707683, 93.572696, 93.752265, 93.752258
  1.489129,  1.358679, 51.490105, 51.630183, 51.630188
 -1.370539, -1.706435, 33.197630, 33.249327, 33.249321
 -0.533824,  1.027919,-13.273367,-13.722484,-13.722496
  0.270686,  0.223626, 18.857000, 18.661486, 18.661488
 -0.719288,  1.691920, 16.593164, 16.528269, 16.528278
 -0.311413,  1.326188,-15.467220,-15.485671,-15.485676
 -1.520884,  0.837051, 35.095940, 34.940080, 34.940079
  1.403753,  1.436455, 56.053281, 55.807632, 55.807629
  0.338448,  1.011659, 22.666572, 22.500369, 22.500368
  0.348781, -1.685431, 92.636022, 92.903291, 92.903297
 -0.898051,  0.015436, 31.087071, 31.015164, 31.015169
 -1.512765,  0.451430,  7.311110,  7.535986,  7.535980
 -0.265075,  0.950826,  3.379153,  3.264525,  3.264526
  0.532484,  1.579605, 12.148215, 11.885807, 11.885813
 -0.084189,  1.601412, 10.974382,  9.869027,  9.869034
  0.074434, -0.639891, 28.089945, 27.948754, 27.948753
  0.267025, -0.858522, 47.339243, 47.452522, 47.452518
  0.145047,  1.472143, -9.937050, -9.960895, -9.960899
 -1.535065,  0.184092, 17.826348, 17.608213, 17.608213
 -1.613402,  0.309555, 12.899005, 13.155810, 13.155815
  1.421543,  1.306306, 49.037403, 49.007310, 49.007301
 -0.775452,  0.862877,-11.179903,-11.124447,-11.124451
 -0.300374, -0.954574, 17.412443, 17.644660, 17.644659
  0.579815, -1.208110, 66.967934, 67.358290, 67.358292
 -0.625863, -0.811277, 27.261685, 27.215658, 27.215654
 -1.187999, -0.651400, 23.857191, 23.600836, 23.600834
 -1.559817,  0.942114,  6.857186,  7.373235,  7.373233
 -1.473567, -0.788995, 13.453264, 13.112742, 13.112745
  0.508652, -0.934761, 84.413370, 84.553488, 84.553490
  0.104344, -0.574808, 25.369541, 25.396263, 25.396259
 -1.407381, -0.074113,  1.801929,  1.781171,  1.781170
  0.014901, -0.940083, 35.798422, 35.739631, 35.739624
 -0.377051, -0.284761, 46.449565, 46.181210, 46.181213
 -1.576039, -0.571642,  4.381019,  4.213732,  4.213729
  0.089612, -0.199874, 20.607172, 20.800373, 20.800371
  0.017922, -0.794090, 27.918729, 28.397919, 28.397926
  0.106028,  0.575126, 25.822517, 25.714681, 25.714680
  0.960636,  0.108632, 56.210379, 56.430913, 56.430912
  1.298536,  0.956866, 55.128392, 55.332388, 55.332371
 -0.634021, -1.196811, 36.968909, 36.438231, 36.438236
 -0.647803,  1.371859,-15.844044,-16.055603,-16.055603
  0.389081,  1.496681, -6.243371, -6.329826, -6.329823
 -1.533283, -1.064085,  7.240568,  7.343551,  7.343544
  0.577395, -0.075815, 64.834759, 64.946666, 64.946663
 -1.472789, -0.126209, 25.464284, 25.419697, 25.419695
  1.422133,  0.222284, 93.900608, 93.689126, 93.689125
  1.265641, -0.998781,126.905948,127.249682,127.249664
  1.523960, -1.503963,151.218247,150.996430,150.996445
 -0.820318, -0.794000,  9.656224,  9.318910,  9.318903
 -1.094407, -0.717623,  2.645802,  2.089323,  2.089321
  0.746990,  0.395862, 44.766341, 44.818972, 44.818966
 -1.651844,  0.785057,  3.989284,  3.606580,  3.606579
 -1.318224,  0.267677, 27.373675, 27.107551, 27.107553
  0.224111, -0.685318, 40.902109, 41.671575, 41.671566
 -1.272472,  1.089285, 30.643868, 30.417209, 30.417210
  0.757685, -1.499020, 82.433273, 82.546049, 82.546043
  0.485869,  0.912377, 29.541281, 29.177341, 29.177328
 -1.334843, -0.512382,  1.018832,  0.956362,  0.956356
  0.557312, -0.063742, 36.830865, 37.142469, 37.142475
  0.931882, -1.155996, 86.755416, 86.639794, 86.639801
 -1.247471,  0.293311,  7.114343,  7.004422,  7.004425
  0.501243,  0.269295, 30.073651, 30.127799, 30.127802
 -1.297086,  0.969421, -5.518287, -5.161877, -5.161873
  0.004124,  0.589222, 35.240422, 35.029143, 35.029140
 -0.871690, -1.336863, 17.621203, 18.246024, 18.246021
  1.214574,  0.110975, 96.438353, 95.756007, 95.755997
  1.284688,  0.951708, 52.296708, 52.681617, 52.681618
 -0.088056, -1.428483, 59.856684, 59.169182, 59.169186
 -0.711545, -0.261269, 42.155790, 41.789963, 41.789967
  1.464007,  1.059796, 63.559178, 63.593505, 63.593494
 -1.248371,  1.106884, 15.319986, 15.358204, 15.358204
 -0.780982, -1.430692, 10.609970, 10.733067, 10.733072
  0.482530, -0.753197, 88.656287, 88.961369, 88.961365
  0.394846,  0.052055, 37.603057, 38.021802, 38.021809
  0.232148,  0.594240, 45.941482, 45.893366, 45.893368
 -0.239665, -1.561183, 32.479458, 32.188163, 32.188160
 -0.977880, -1.706478, 14.378552, 14.204657, 14.204664
 -0.310499,  1.011422,-11.904656,-11.816991,-11.816986
  0.835388, -0.769077,110.282939,109.680007,109.680008
 -1.264912, -1.085491, 30.889092, 30.408120, 30.408117
  0.410403, -1.463653, 58.901782, 59.010237, 59.010239
 -0.169129, -0.433845, 49.983104, 50.100966, 50.100964
  1.154789, -1.446074,138.806390,138.121135,138.121140
  0.753691,  0.019764, 68.356200, 68.060720, 68.060715
 -0.697236,  0.245369, 34.860963, 34.591011, 34.591003
 -1.431752, -0.369149,  1.877961,  1.880550,  1.880554
  0.165897, -1.084397, 46.482909, 47.050838, 47.050838
  0.569682, -0.745624, 77.011385, 76.588972, 76.588966
  1.394661, -1.086690,126.754822,126.817185,126.817169
 -0.310042,  0.839539, 22.676698, 22.130332, 22.130342
  0.735094,  0.104036, 49.718356, 49.898275, 49.898270
 -1.110846,  0.466984, 18.749414, 18.174302, 18.174305
 -0.746623,  1.610851, 30.410211, 30.316549, 30.316557
 -0.246567,  0.342418,  6.496110,  6.896096,  6.896087
  1.418556, -0.582793,112.067044,112.529623,112.529610
 -0.438118,  0.598991,  8.451825,  8.172602,  8.172600
 -0.318089, -1.248376, 27.593511, 27.645207, 27.645205
 -0.092541,  0.163374,  7.183064,  7.313293,  7.313285
 -0.241971,  0.714929, -6.537099, -6.483562, -6.483559
  0.219722, -0.786363, 36.951553, 37.205242, 37.205235
  0.575770, -0.337649, 51.995569, 51.983326, 51.983322
  0.103444,  0.930788,  3.132327,  3.154375,  3.154373
 -1.345850, -1.332277, 30.541542, 30.586058, 30.586061
 -0.395106,  0.848235, 36.031038, 35.907805, 35.907803
 -0.951555, -0.886843, 36.372609, 36.126933, 36.126934
 -1.065218, -1.208408, 17.219239, 17.561067, 17.561056
 -1.196308, -0.189775, -1.188338, -0.813128, -0.813130
  0.460201,  0.801334, 51.492714, 51.551588, 51.551579
  0.552373,  0.326678, 47.008459, 46.776480, 46.776482
  0.194122, -1.688808, 67.233319, 66.723777, 66.723778
  0.723589, -0.359326, 51.987247, 52.410571, 52.410564
  1.488959, -1.170957,149.422780,148.777118,148.777130
 -1.521944, -1.129806, 29.441253, 28.855362, 28.855358
  0.992810, -1.638213,108.164209,107.904104,107.904099
  0.916330,  0.349008, 68.056150, 67.488764, 67.488762
  0.907672,  1.665359, 12.733473, 12.862015, 12.862011
  1.097246, -1.070215,109.219730,109.154151,109.154144
 -1.175333,  0.369002, 27.268179, 26.802434, 26.802433
 -0.539856,  0.106176,  5.626086,  5.275192,  5.275188
 -1.294387, -0.521755, 27.047829, 27.041271, 27.041264
 -1.541355, -1.410021, 25.193531, 24.996133, 24.996140
  0.537553, -1.729186, 95.561450, 95.596345, 95.596344
 -1.010966, -1.181661,  6.253804,  6.166860,  6.166866
  1.151344, -0.536297, 86.283378, 86.543671, 86.543655
 -1.657271, -1.294557, 25.424002, 25.688281, 25.688284
  0.612477, -1.190108, 85.173366, 85.018469, 85.018463
  0.778017, -0.044298, 54.227153, 54.217128, 54.217125
 -0.533296, -1.656738, 41.716802, 41.541765, 41.541767
 -0.571076,  0.154226,  6.780318,  7.042487,  7.042484
  0.532246, -1.414442, 65.082436, 65.356349, 65.356346
 -1.356596,  1.263243,  2.505151,  2.853445,  2.853451
  1.349765,  1.345705, 53.439633, 53.243991, 53.243984
 -0.077919,  1.489294, 24.757391, 24.539507, 24.539515
 -0.430543,  0.913729, 10.641471,  9.931657,  9.931656
 -1.184072,  1.147406,  7.013458,  7.027658,  7.027652
  1.273848,  0.475123, 69.117512, 69.010002, 69.009995
  0.463826,  0.412770, 39.544084, 39.280618, 39.280613
  0.710587, -0.765950, 61.238587, 61.471145, 61.471142
 -0.626676,  0.123353, 21.712875, 21.468159, 21.468161
  0.251399,  0.222284, 37.079907, 36.747097, 36.747086
 -1.229902, -1.003326,  3.822945,  3.179682,  3.179683
 -1.627462,  0.887609, 26.169467, 25.582323, 25.582317
  0.394138, -0.401998, 50.649841, 51.027023, 51.027027
 -0.398967, -0.126000, 19.912737, 19.803709, 19.803709
  0.358851, -0.181234, 36.806259, 36.844121, 36.844120
 -0.029309, -1.540369, 39.248356, 39.612947, 39.612938
  0.794503,  0.620209, 31.153210, 31.402090, 31.402082
 -0.430390,  1.432978, -2.406971, -2.968829, -2.968827
  0.081565, -0.732999, 27.411315, 27.488652, 27.488657
  1.216520, -0.903572,113.620499,113.617687,113.617683
  0.973099,  0.895631, 63.144138, 63.028200, 63.028198
  0.301659, -0.374041, 32.880439, 32.832794, 32.832787
  1.288694,  0.626771, 66.116181, 66.294904, 66.294899
 -0.685870,  1.692801, 28.066934, 28.097705, 28.097706
 -0.173391, -0.697830, 30.607510, 30.795382, 30.795380
 -0.892717, -0.967328, 30.501266, 30.272623, 30.272617
  1.178927,  1.617800, 34.375817, 34.385176, 34.385174
 -0.665590, -1.336124, 15.055038, 15.325765, 15.325766
 -1.079193, -1.512163,  6.851314,  7.224143,  7.224140
 -0.416913,  1.335109,  2.916171,  2.818624,  2.818622
  0.458244,  0.909555, 15.025266, 14.880860, 14.880861
 -0.012942,  0.946823,  5.438408,  5.053620,  5.053615
  1.504780, -0.465602,113.831314,114.060989,114.060982
  1.555452, -0.740611,129.353423,129.752773,129.752777
 -1.418565,  1.479070,  0.900008,  1.411439,  1.411445
 -1.210938, -0.804859, 33.361103, 33.138686, 33.138695
  1.085021,  0.395819, 56.516262, 56.688478, 56.688473
 -0.802694, -1.327993, 35.821560, 35.992617, 35.992615
 -1.358723, -0.199851,  1.578276,  1.808397,  1.808388
 -0.510592,  0.810457,-10.539291,-10.757692,-10.757687
  0.220681, -1.238736, 45.626268, 45.608954, 45.608959
 -1.134092,  0.732695, -7.766705, -8.013437, -8.013435
  0.283174, -0.597318, 37.616818, 37.825705, 37.825699
  1.452462,  0.537035,109.422156,109.142868,109.142860
  1.328072, -1.505284,130.710092,130.818494,130.818466
  1.267198,  1.397543, 45.878794, 45.922015, 45.922009
 -0.124932,  1.267927,-12.261313,-12.258445,-12.258446
  1.274916, -1.512370,127.785816,127.456378,127.456360
  0.222321,  0.919042, 12.856380, 12.402306, 12.402306
  1.608770, -1.147369,149.840568,149.657520,149.657516
  0.821519,  1.214741, 29.327136, 29.606701, 29.606689
 -1.055053, -0.249117, -1.815242, -1.605864, -1.605862
  0.899678,  1.172444, 21.997266, 22.238089, 22.238091
 -1.246575, -0.240778, 11.806994, 11.568791, 11.568792
 -1.475601, -0.161391, 26.464038, 26.225322, 26.225325
 -1.439622, -0.058295, 21.741049, 21.710622, 21.710617
 -1.555335,  1.097250, 11.417739, 11.894367, 11.894375
  1.289145,  0.631747, 63.397720, 63.572138, 63.572144
 -1.416653, -0.925596, 19.008879, 18.860787, 18.860790
 -1.359211,  1.697925, -1.628339, -0.664723, -0.664715
 -1.228893, -0.773912, 15.884052, 15.375116, 15.375114
 -1.442618, -0.618994,  8.057952,  8.003492,  8.003487
 -0.694481, -1.739566, 53.271199, 53.255363, 53.255360
 -1.220050, -0.394118, 10.805908, 10.515450, 10.515450
 -0.629229, -0.138911, 17.274717, 16.798111, 16.798109
 -1.330012, -0.606111, 32.016734, 31.677262, 31.677263
 -1.684512,  0.335402, 10.583872, 11.256156, 11.256149
 -1.512808, -0.210185,  6.254676,  5.852542,  5.852539
 -0.708885,  0.431101, -7.060846, -7.184630, -7.184636
  0.781571,  1.720178, 52.076968, 52.346557, 52.346558
 -1.699151,  0.912658, 48.915799, 48.727313, 48.727322
 -1.529667,  1.189304,  9.476562,  9.960072,  9.960075
  0.144771, -0.104549, 39.751098, 39.462998, 39.462997
 -1.460768, -1.336188,  7.175160,  6.929794,  6.929794
  0.718981,  1.129510, 24.418867, 24.201836, 24.201834
  0.934561, -1.336390, 91.579261, 91.396174, 91.396164
 -1.541310, -1.098167, 35.426300, 34.763785, 34.763783
 -1.337427, -1.642447,  8.249409,  8.099917,  8.099922
  0.315070,  1.010716, 29.556435, 29.639114, 29.639112
  0.151252,  1.690488,-16.296342,-16.042272,-16.042263
  0.254012,  1.345884, 24.844917, 24.545370, 24.545370
  0.156544, -1.114505, 43.018703, 43.238401, 43.238400
  0.889761, -0.926923, 87.793387, 87.643610, 87.643593
  1.573303, -1.305825,167.860405,167.798442,167.798462
  0.086424, -1.252132, 37.053152, 37.224287, 37.224277
  0.023839, -1.014844, 42.722148, 42.645421, 42.645420
  1.681096,  0.869474,103.140390,103.188121,103.188110
 -1.292159,  1.624245, 38.810834, 38.460579, 38.460571
  1.174256,  0.676096, 56.650438, 56.554594, 56.554588
 -1.698139, -0.822983, 32.970296, 32.424987, 32.424980
  0.528923,  1.465842, -0.232917, -0.455941, -0.455941
  0.402974,  0.629672, 17.241448, 17.191912, 17.191912
  1.665228,  1.306920, 70.271153, 70.460005, 70.460007
  0.827671, -0.807474, 81.466597, 81.785053, 81.785049
  0.381483, -1.301897, 60.898762, 61.097294, 61.097275
 -0.066013, -0.602894, 41.039885, 41.262116, 41.262112
  1.355496,  1.428812, 55.363754, 54.846324, 54.846333
  0.319625,  1.606144,-10.685039,-10.944528,-10.944538
 -0.454918, -1.039439, 23.342923, 23.493706, 23.493694
 -1.372680,  0.845974, -2.536454, -2.217803, -2.217800
 -1.382453,  0.345675, -1.463766, -1.888840, -1.888829
  1.630399,  1.177487,112.438055,111.783395,111.783409
 -1.153138, -1.313054,  9.872747,  9.560510,  9.560505
 -1.317276,  0.740673, 12.654184, 12.258615, 12.258612
  0.152305, -1.364573, 78.744196, 78.671103, 78.671097
  0.226344,  0.845589,  3.726634,  3.590036,  3.590034
  0.898309, -0.550805, 71.592999, 71.944082, 71.944077
  0.443548,  0.526174, 29.270742, 29.673266, 29.673269
  0.882194,  0.246577, 55.236095, 55.467241, 55.467239
 -0.946369, -1.081407,  9.746113,  9.588838,  9.588844
 -1.198799, -1.545886, 39.014178, 38.644585, 38.644592
  0.290149,  0.426291, 18.169004, 17.815661, 17.815659
 -1.483928, -1.072610, 22.319667, 21.823106, 21.823103
  0.732093,  1.202639, 35.393644, 35.251768, 35.251770
 -1.162319, -1.474164, 32.134596, 31.053473, 31.053474
 -1.304867, -1.499030,  5.234291,  5.098104,  5.098102
 -0.580615,  1.421602,-15.311429,-15.580108,-15.580116
  1.488412,  1.591115, 76.332395, 75.813837, 75.813812
 -1.500516,  0.446490,  1.192567,  1.364019,  1.364017
 -0.283428, -1.556445, 45.069328, 45.174873, 45.174877
  1.593978, -1.429953,169.222159,168.425996,168.425980
 -1.310496,  1.010972, -3.111946, -2.696432, -2.696434
 -1.618231, -0.986791, 24.839919, 23.965711, 23.965708
  1.717968, -1.741902,203.636603,196.242463,196.242477
  0.617207, -1.206729, 84.307895, 84.674151, 84.674149
  1.464801,  0.522574,100.876291,101.025423,101.025414
 -1.111452, -1.457355, 25.840180, 25.090725, 25.090725
  0.429676, -0.533352, 63.247264, 63.197073, 63.197083
 -0.102696,  0.460286,  7.663897,  7.519559,  7.519557
  1.258807,  1.606269, 46.204881, 45.999136, 45.999134
  1.525880, -1.491882,159.399853,158.498095,158.498077
  1.307403,  0.087223,103.618870,103.642986,103.642982
 -1.685373,  0.516059, 29.600424, 28.718912, 28.718910
 -0.885619, -1.075585, 32.497851, 31.937058, 31.937052
 -0.375931,  1.679002, -0.655888, -1.330604, -1.330612
 -1.587410,  0.010417, 28.839932, 28.602131, 28.602131
  0.872312,  1.005639, 68.756779, 68.645407, 68.645409
 -1.442826,  0.118764,  1.142088,  1.105626,  1.105625
  0.453897, -0.361152, 66.573525, 66.748393, 66.748398
  1.150403, -1.761401,121.692045,122.085103,122.085098
  1.185142, -1.641323,120.517156,120.413593,120.413589
 -0.558335, -0.779821, 36.562968, 36.649127, 36.649124
 -1.530670,  1.658725, 19.892532, 18.951927, 18.951927
 -0.692089,  0.905982,-12.432744,-12.470546,-12.470551
 -0.589347,  0.947161, -7.685965, -7.900958, -7.900956
  0.075445,  1.604490,-12.020709,-11.432621,-11.432625
  1.415739, -1.308145,167.006581,166.861741,166.861725
 -1.720157,  0.021240, 21.622694, 21.891351, 21.891350
 -0.318940, -1.618950, 25.787106, 26.027728, 26.027727
 -0.967102, -1.244743,  6.105828,  6.379223,  6.379222
  1.634869, -1.348526,154.228352,154.299327,154.299332
 -1.657039,  1.464548, 24.643805, 23.822560, 23.822559
 -1.690688, -1.150639,  8.018168,  8.309390,  8.309395
 -1.659440, -0.097644,  7.456785,  8.101165,  8.101162
 -1.220475, -0.025256,  7.347189,  7.183208,  7.183208
 -1.250070,  1.376639, -2.996823, -2.669876, -2.669873
  0.505679, -1.194467, 98.207858, 98.205268, 98.205261
  0.089454, -0.323231, 29.116093, 29.347410, 29.347403
  0.522348,  0.582292, 27.905796, 28.616464, 28.616465
  1.267414, -1.346988,158.932640,158.275857,158.275879
 -0.200482, -0.678273, 36.844911, 36.433670, 36.433678
  0.335582,  1.724032, 39.566859, 39.786306, 39.786308
  1.284593, -0.813365,116.889651,116.542718,116.542709
  1.212218, -0.516626,126.557162,126.427716,126.427719
  1.432810,  0.613842, 74.308379, 74.437155, 74.437149
  0.532731, -0.005632, 38.028022, 38.081267, 38.081268
 -0.161988,  0.391656,  6.532772,  6.477544,  6.477550
  0.325458,  1.577606, 42.009829, 41.982344, 41.982338
 -1.710422,  0.527732, 19.764847, 19.643693, 19.643702
  0.543891, -0.374566, 63.476270, 63.581426, 63.581425
 -0.798123,  1.098273,  4.190901,  3.521514,  3.521511
  0.394486,  1.267109,  5.120106,  4.799242,  4.799243
 -0.966864, -1.658855, 17.928305, 17.592132, 17.592131
  1.532014, -1.000499,161.326411,161.198683,161.198685
  0.924243,  1.557028, 32.286373, 32.348035, 32.348026
  0.771443,  1.225199, 18.638039, 18.878974, 18.878971
 -0.571037, -1.114832, 14.102554, 13.941987, 13.941988
 -0.625934, -0.796588, 29.695756, 29.682203, 29.682198
  0.154224, -0.018000, 36.606044, 36.206747, 36.206730
 -0.013961,  1.616416, 20.041892, 19.384847, 19.384842
 -0.314663, -0.083015, 12.796638, 13.136639, 13.136639
  0.899222,  0.937753, 28.460833, 28.733100, 28.733101
 -1.535940, -0.905584, 19.769396, 19.177089, 19.177090
  1.023908, -1.354909,103.126445,103.339825,103.339828
  0.951251,  1.040911, 34.990056, 34.969628, 34.969624
  1.389446, -0.059408,127.585801,127.434736,127.434731
  0.420096,  0.483464, 17.080832, 17.032851, 17.032850
  1.570450,  0.667355, 91.549074, 91.276944, 91.276939
  0.784047,  0.312430, 65.908562, 66.018507, 66.018501
 -1.223074,  1.472143,-10.340848,-10.364843,-10.364845
 -0.000450, -1.258635, 73.448217, 73.454625, 73.454620
  0.513693, -1.393727, 89.404167, 89.224193, 89.224190
  0.940904, -1.610993, 99.360662, 99.246593, 99.246597
  1.149923, -0.246017, 86.196087, 86.159066, 86.159065
  0.202019, -0.621598, 30.345573, 30.352929, 30.352926
  1.013578, -0.891964,123.930959,123.527262,123.527245
  1.579461,  0.532489, 92.154844, 92.542093, 92.542084
 -0.530232, -1.270556, 53.542667, 53.522548, 53.522545
  0.688764,  0.514187, 44.098597, 44.416471, 44.416470
 -0.488311,  0.426421, 40.642976, 40.017709, 40.017708
 -1.371356, -1.219953, 31.951045, 31.449261, 31.449268
  1.009157, -1.661895,123.163959,122.827814,122.827789
  1.514276, -1.595358,160.723143,160.400651,160.400635
  1.088440, -1.539174,110.391064,110.568271,110.568260
  1.449475, -1.222611,134.274697,134.043463,134.043472
 -0.893317, -1.080495, 44.593003, 44.519201, 44.519207
  1.343679,  0.438739, 72.660275, 72.849840, 72.849831
  0.047624, -0.340015, 18.922053, 19.230327, 19.230322
  1.440827, -1.569944,147.175064,147.030294,147.030289
  0.443107, -0.055607, 69.538563, 70.166690, 70.166687
  1.112378, -1.242301,122.814457,123.243685,123.243690
  0.206891,  0.039897, 18.033390, 17.973444, 17.973440
  1.295501,  0.561739, 64.181174, 64.125673, 64.125664
 -0.283135, -0.331510, 13.554650, 13.858921, 13.858912
  1.638902, -0.140582,143.460395,143.360854,143.360855
 -1.071842, -1.224691, 17.561664, 17.832518, 17.832512
 -0.463057, -1.562182, 27.293592, 27.213685, 27.213688
 -0.091762,  0.543919,  3.481692,  3.605063,  3.605060
 -1.625298,  0.604248,  7.220907,  7.621013,  7.621021
 -0.391712, -0.328542, 39.537743, 39.346165, 39.346153
  0.124625, -1.061796, 35.727582, 35.790420, 35.790421
 -0.881007,  0.181772, -4.684122, -4.628833, -4.628834
  0.748193, -0.524947, 67.567518, 67.843345, 67.843353
  0.996416,  0.221656, 98.386978, 98.580637, 98.580643
  0.907754, -0.116825, 57.394597, 57.598288, 57.598289
 -0.552383, -1.175436, 26.597370, 26.782335, 26.782328
  1.039603,  0.425129, 74.537646, 74.110015, 74.110016
  1.144397,  0.794524, 61.053708, 61.235988, 61.235977
  0.205866, -1.015516, 60.644041, 60.795511, 60.795509
  1.362440, -0.655587,138.520971,138.471275,138.471268
 -0.955447, -0.092206, 13.046873, 13.112961, 13.112957
 -0.971284,  0.977750,  5.519148,  5.272638,  5.272636
  0.258670, -0.246904, 26.056266, 26.160730, 26.160728
 -1.642216, -1.092569, 34.439591, 33.671676, 33.671673
 -1.424422,  0.571187, -1.157151, -0.975212, -0.975216
  1.712189, -1.173174,192.962932,190.383546,190.383560
  0.287155, -1.118910, 57.188170, 57.512050, 57.512043
  1.628409,  0.434717, 97.468305, 97.613831, 97.613831
  1.132233,  0.582686, 56.985451, 57.309410, 57.309410
  0.066708, -0.980333, 44.172817, 44.580856, 44.580849
 -0.652102,  0.640081, -5.858401, -5.977200, -5.977192
 -0.998898, -1.406312, 32.274037, 32.045853, 32.045856
  1.332896, -1.156289,131.571153,131.054041,131.054031
 -1.523657, -0.055692,  3.659129,  4.075622,  4.075618
 -1.610790,  0.400162, 15.436286, 15.771705, 15.771704
 -1.442490,  1.107537, 24.786755, 24.942169, 24.942163
  0.948734, -1.673879,140.196395,139.351759,139.351776
 -0.633728,  1.102893,  8.502581,  8.101016,  8.101021
  1.151753,  1.565100, 29.178123, 28.665674, 28.665657
  1.708496, -1.507264,189.870177,187.523736,187.523758
  0.366105,  0.145104, 39.871417, 39.390241, 39.390236
  0.835757, -1.366276,112.656562,112.568560,112.568565
  0.759477, -1.496717,113.355831,112.771550,112.771545
  1.351188,  0.383863,102.597386,102.705561,102.705574
 -0.133383, -1.753820, 42.445665, 41.929190, 41.929180
  0.045091,  0.911510, 38.956587, 38.912319, 38.912323
 -0.182793, -1.643323, 62.415841, 61.536431, 61.536423
  0.448675,  1.716372, -9.028756, -9.194339, -9.194328
  0.782564, -0.945612, 93.775719, 93.850191, 93.850189
  0.760342,  0.207771, 48.698774, 48.735625, 48.735622
  1.261243, -1.206042,124.216214,124.372805,124.372795
 -1.377496, -0.392678, 16.060141, 15.695359, 15.695360
 -0.774401,  0.044220, -2.649439, -2.910499, -2.910504
 -0.986239,  0.692638,  1.603574,  1.566666,  1.566665
 -1.634450, -1.296040,  5.953088,  5.951535,  5.951526
 -1.474744,  1.654795, 16.748843, 16.498437, 16.498447
  1.549061,  0.352139, 95.822625, 96.089082, 96.089073
 -1.424533, -1.368755, 19.669977, 19.619781, 19.619768
  0.226367,  1.235895, -1.635195, -1.551751, -1.551747
 -0.266437, -1.711637, 29.950056, 29.737759, 29.737762
  1.297654,  0.298231, 73.167822, 72.641928, 72.641937
 -0.307723,  0.479569, -4.102918, -3.907224, -3.907223
  0.955994,  1.620877, 42.931466, 42.692281, 42.692276
  0.165288,  1.711553,-15.840163,-15.661306,-15.661312
  0.507511,  1.512300, 24.677240, 24.679739, 24.679735
  1.052419,  0.077737, 68.068201, 67.969307, 67.969292
 -1.177611,  0.577154, -3.996795, -4.273200, -4.273198
 -0.207263,  1.539777,  4.983068,  4.485368,  4.485363
 -0.743746, -0.971947, 12.699782, 12.586426, 12.586422
  0.017290, -0.825788, 26.601426, 26.692578, 26.692572
  0.881513, -0.936134, 98.497266, 98.837880, 98.837868
  0.984914,  1.166307, 41.337254, 41.437659, 41.437660
 -1.690677, -0.080230, 10.655843, 11.496945, 11.496948
  0.055911,  1.526667, 13.268943, 12.727747, 12.727730
  0.124405,  1.406783,  1.213212,  0.879733,  0.879734
  0.399275,  1.162294, 14.541413, 14.581777, 14.581783
  1.333507, -1.613358,158.599364,158.519268,158.519272
 -0.032818, -0.935076, 26.626254, 26.940478, 26.940483
 -1.014040,  0.752738, -4.168159, -4.011684, -4.011681
 -1.379565, -0.412925,  1.133369,  0.959255,  0.959247
  0.299446,  0.128382, 19.887273, 19.682670, 19.682669
  1.474671,  1.213425, 62.557125, 62.306720, 62.306721
 -0.278708, -1.147906, 33.278261, 32.975535, 32.975536
 -0.238896,  1.000646, -2.486832, -2.201467, -2.201466
 -0.017260, -1.271053, 33.173825, 33.203632, 33.203629
 -1.603568, -0.757230,  5.611399,  5.572222,  5.572216
  1.021798,  0.511011, 73.993752, 73.651997, 73.651985
  0.496726, -0.542783, 49.535295, 49.564923, 49.564926
 -0.359217,  0.463746, -3.621149, -3.429460, -3.429459
 -1.654414,  0.617250, 19.990582, 20.082447, 20.082451
  1.366800, -1.021208,130.935931,130.633809,130.633804
  1.051122, -1.283068,101.455852,101.257113,101.257111
  0.632703,  1.694814, -2.716765, -2.677357, -2.677361
  0.080928, -0.026339, 17.980451, 18.022825, 18.022835
 -1.681105,  1.521433, 34.855659, 33.914783, 33.914799
  1.164662,  0.648722, 55.665448, 55.739359, 55.739357
 -1.035692,  0.301025, -6.070798, -5.574687, -5.574692
  1.137384, -1.638837,132.848308,132.537263,132.537277
  0.974644,  1.700904, 35.029552, 34.924725, 34.924721
  0.007665,  1.077037,  1.373592,  1.417960,  1.417965
  0.747561, -1.512334, 85.903386, 85.993697, 85.993683
 -0.695373, -1.408467, 12.082184, 12.150124, 12.150116
  0.740868, -1.310655, 78.873940, 78.856090, 78.856087
 -1.213646, -1.361032,  5.730850,  5.548794,  5.548793
  0.509915, -0.683670, 72.794434, 72.995808, 72.995811
  0.595437, -1.374333, 69.174791, 69.646809, 69.646805
  0.486628,  0.860799, 22.049405, 22.222380, 22.222380
  1.323436,  0.598952, 81.459396, 81.258885, 81.258888
  1.073136,  0.824359, 52.505384, 52.345860, 52.345867
 -0.834744,  1.167043,-14.616127,-14.351994,-14.351997
 -0.506073,  1.331718,-17.320902,-17.910546,-17.910549
  1.518199, -0.312264,108.546484,108.885331,108.885315
 -0.438279, -1.630859, 28.230299, 27.993868, 27.993864
  0.206226, -0.704107, 32.716646, 33.016220, 33.016216
 -0.756821,  0.286765, 14.873857, 14.781671, 14.781666
 -0.250996,  0.742334, -7.050697, -7.024235, -7.024224
  0.910216, -1.147156, 87.451309, 87.486939, 87.486938
  0.143611, -0.449256, 47.229793, 47.244449, 47.244446
  0.543637, -0.775477, 76.501131, 76.541212, 76.541214
  0.675407,  0.174261, 42.062295, 42.150958, 42.150959
 -1.642363, -0.003472,  7.229101,  7.707852,  7.707839
 -0.052783,  1.413781, 32.190456, 32.230655, 32.230648
 -0.216248,  1.502701, -1.343516, -1.443820, -1.443817
 -1.196252,  0.433457, -3.243133, -3.481243, -3.481251
 -1.473291, -0.778834,  3.113260,  3.089195,  3.089191
  1.625670,  1.276886, 86.620458, 86.222096, 86.222099
  0.381777, -0.954522, 55.181246, 55.365405, 55.365414
  0.799143,  1.360810, 48.708307, 48.495700, 48.495693
  0.134271, -0.766181, 31.495067, 31.422987, 31.422987
  1.295520, -1.272337,146.259787,146.163370,146.163376
 -1.694099, -1.403797, 30.792857, 30.652080, 30.652088
 -1.255970,  1.586373, 26.573788, 26.523966, 26.523960
  1.618141, -1.317716,152.457891,152.606634,152.606659
  1.589610,  0.416834, 93.103236, 93.398171, 93.398148
  0.663581,  0.672741, 43.166056, 43.189252, 43.189243
  1.631819, -0.107252,135.088502,135.375537,135.375549
  1.105523,  1.019187, 56.128200, 56.006902, 56.006908
 -1.430646, -0.764368, 26.308357, 25.926867, 25.926865
 -1.257722, -0.836642,  5.209964,  4.815799,  4.815795
  0.398970,  0.800956, 48.494310, 48.408702, 48.408695
 -0.190473,  1.247923, -7.846714, -8.135279, -8.135277
 -0.227698,  1.452101,  2.089215,  1.808349,  1.808349
 -1.574663, -0.683479,  5.684692,  5.376239,  5.376243
  1.274397, -0.374705, 90.266580, 90.769246, 90.769249
  0.004599, -1.418672, 36.208999, 36.226834, 36.226826
  1.429149, -0.690735,112.717680,112.980736,112.980736
  0.230528, -1.105073, 68.189458, 68.310400, 68.310387
 -0.275014, -1.379848, 36.954768, 36.611044, 36.611042
  0.172374,  1.463462,-11.199993,-10.713891,-10.713898
  1.250548, -1.168583,114.352014,114.307266,114.307251
  0.751705,  0.163889, 46.071703, 45.872017, 45.872025
  1.096238, -1.680522,115.401191,115.640559,115.640564
 -0.152403, -0.668556, 20.070378, 20.154055, 20.154051
 -0.363710,  0.564232, 33.364792, 32.972895, 32.972904
  0.682989, -0.374931, 59.704836, 59.898703, 59.898705
 -0.572109,  0.042669, -0.958943, -0.866483, -0.866490
  1.301286, -0.663735,116.722199,116.702741,116.702736
 -0.980907,  1.725171,-15.123320,-15.268474,-15.268475
  0.830348,  0.298047, 50.010269, 50.161458, 50.161449
  0.474741, -1.308413, 81.071992, 80.931116, 80.931107
 -0.480816,  0.969553,  7.616980,  6.894942,  6.894943
 -1.110590,  0.511152, -0.475787, -0.312063, -0.312065
 -0.078497, -1.215690, 67.884464, 67.618211, 67.618210
  1.235660, -0.384008,101.405328,101.478549,101.478539
  0.383494, -1.083517, 71.028892, 71.257065, 71.257050
 -0.399919,  1.322877, -7.461466, -8.095536, -8.095531
 -0.281929, -1.007101, 30.693779, 30.634805, 30.634802
  0.014847, -0.460454, 55.644691, 55.517393, 55.517387
  1.423036, -1.474721,138.590592,138.722513,138.722504
 -1.190731,  0.607132, 36.542920, 35.907230, 35.907230
 -1.389996, -0.927511,  6.298301,  6.028405,  6.028400
  1.181603,  0.718229, 60.618413, 60.387775, 60.387768
  0.463208,  0.018936, 29.418292, 29.553285, 29.553278
  0.804338,  1.632578,  6.400549,  6.505245,  6.505252
 -1.060906,  1.203838, -9.978161,-10.448817,-10.448811
 -1.207025, -1.503904,  6.094079,  5.988632,  5.988628
 -0.013507, -0.683178, 32.806365, 32.984387, 32.984383
  0.602253, -0.321329, 45.559151, 45.936749, 45.936737
  0.924637, -1.694716,100.087087,100.025385,100.025391
  1.530421,  0.954844, 78.934490, 78.832183, 78.832176
 -0.146865, -0.538610, 22.094987, 22.039112, 22.039110
 -1.593859,  0.563011, 40.749077, 40.680549, 40.680557
 -1.561266,  1.096916, 18.007650, 18.153744, 18.153742
 -0.772748,  0.487198, 12.097829, 11.624432, 11.624430
 -1.686452,  1.395768, 19.743997, 19.063795, 19.063787
 -0.090222, -0.383250, 16.884650, 16.599028, 16.599031
  0.172253, -0.497584, 55.125295, 54.583030, 54.583031
  1.157087,  1.688182, 36.525075, 36.167744, 36.167736
  0.094301,  0.448866, 12.788029, 13.071802, 13.071806
  1.036238, -1.232370,119.851642,119.667747,119.667755
  1.049767, -0.818389, 89.797740, 89.854192, 89.854202
  0.538672,  1.326803,  9.423562,  8.966059,  8.966053
 -1.190377, -0.697653,  6.081938,  5.610538,  5.610534
  0.116401,  1.559665, -4.706936, -4.653679, -4.653679
 -0.674708,  0.665506, -3.468549, -3.737264, -3.737267
 -1.497162,  0.831148, 11.737615, 11.558369, 11.558371
  1.093744, -0.902181, 92.247088, 92.278619, 92.278603
 -1.068621,  1.645926,-10.665876,-10.475802,-10.475807
  1.390749,  1.367315, 50.517819, 50.610582, 50.610592
  0.575840, -0.416552, 82.188745, 82.644071, 82.644058
  1.312286,  0.319476, 72.071383, 72.340022, 72.340012
 -1.428397, -0.577312, 25.321676, 24.861281, 24.861286
  0.276814, -1.493686, 62.920599, 62.693478, 62.693478
 -1.331713,  0.292114, 42.900608, 42.403783, 42.403790
 -1.588435,  1.470814, 33.015583, 32.460461, 32.460453
 -0.867987, -1.280937, 13.214983, 13.746667, 13.746668
 -1.588107,  0.692205,  4.451007,  4.903101,  4.903099
 -0.205078, -0.506176, 18.232832, 18.356547, 18.356554
 -1.643554, -0.353607,  6.219452,  6.507329,  6.507324
 -0.932555, -1.204828, 13.099606, 13.460616, 13.460611
  0.713052, -1.465810, 78.536128, 78.918461, 78.918449
 -0.033386,  0.875559, 15.364933, 14.775887, 14.775887
 -0.070153, -0.325424, 23.353617, 23.212296, 23.212296
  1.320784, -0.333936,136.741803,136.349590,136.349609
 -1.651939, -0.699419,  6.258160,  5.868209,  5.868213
  0.759841, -0.714163, 97.305410, 97.207936, 97.207932
 -1.139271, -0.783460,  1.767326,  1.191238,  1.191231
 -0.596611,  1.517744,  5.312947,  4.868862,  4.868869
 -1.007477,  1.094265,-11.881373,-12.189514,-12.189518
  1.478482, -0.075546,137.223789,136.848766,136.848785
 -1.541915, -0.080255, 10.673426, 10.849847, 10.849850
 -1.047477,  0.949263,-10.108566,-10.290116,-10.290115
  0.666440, -0.871544, 63.466219, 63.896342, 63.896343
  0.233046,  1.310473,  1.699806,  1.618645,  1.618648
  0.188581, -0.515009, 62.474188, 62.763921, 62.763916
 -0.779055,  0.936849,-11.790056,-11.757233,-11.757233
 -0.107693,  0.005931,  7.859151,  7.240686,  7.240684
 -0.711044, -0.291348, 24.162430, 23.555910, 23.555906
 -1.399450,  1.390235,  1.687736,  2.379036,  2.379036
  0.708210, -1.467274, 78.023559, 78.339943, 78.339928
  1.334952,  0.900190, 55.543564, 55.856110, 55.856110
  0.004615, -0.834421, 63.471214, 63.425241, 63.425232
 -1.098191,  0.227220, 15.061738, 14.592843, 14.592838
  1.538253, -1.232024,141.298824,141.424750,141.424759
 -0.233704, -1.534725, 32.398833, 32.765276, 32.765278
 -0.195249, -0.309141, 37.727175, 37.091164, 37.091175
 -0.280644,  0.513613,  1.729379,  2.300351,  2.300361
 -0.697988, -1.519253, 30.283723, 30.008982, 30.008982
  1.555491,  1.310050, 76.162731, 76.046405, 76.046394
 -0.721557, -1.111423,  9.044901,  9.206698,  9.206703
 -1.616437, -1.316279, 36.431943, 36.331010, 36.331017
  1.054889, -0.539467, 83.453749, 83.863738, 83.863739
  1.150715, -0.917365, 97.252791, 97.433271, 97.433266
 -1.655294, -1.123592, 38.985232, 38.022746, 38.022747
 -0.766528,  0.540178, 13.466959, 13.039977, 13.039976
 -1.124437,  0.741173, -1.826235, -1.937886, -1.937889
 -0.584094, -1.717578, 20.287694, 20.107459, 20.107462
  0.983675,  0.619635, 46.175874, 46.029182, 46.029182
  0.182192,  1.422093, -1.311889, -1.484691, -1.484696
  1.081607,  0.131173, 73.994925, 73.952503, 73.952507
  0.521563, -1.400000, 80.604673, 80.930031, 80.930023
  0.421608, -0.577826, 40.121967, 40.512854, 40.512856
  0.002262,  0.766166, 11.909859, 11.451335, 11.451328
  0.704767,  0.627205, 26.810386, 26.965191, 26.965191
 -1.186288, -0.938206,  2.821391,  2.155968,  2.155960
  1.341303, -1.537806,135.320670,135.243348,135.243347
  0.666294,  0.135787, 61.551397, 61.633213, 61.633202
  0.997101,  1.329278, 22.846947, 22.897296, 22.897293
 -1.282944, -0.625481, 18.325227, 17.971285, 17.971287
  0.311480,  0.255977, 19.017951, 19.508496, 19.508497
  1.529578, -0.168174,105.440118,105.868399,105.868401
  1.295792, -0.728799,103.299689,103.434148,103.434143
  0.046983,  0.375170, 18.435833, 18.536796, 18.536793
 -0.198020, -0.871359, 19.051293, 19.669101, 19.669106
 -0.140216, -1.016649, 25.576130, 25.641525, 25.641523
 -0.166008, -0.323978, 22.991529, 22.788965, 22.788963
 -0.871935,  1.592046,-14.075730,-13.669608,-13.669617
  0.308482, -1.251456, 79.894331, 80.319035, 80.319038
 -0.440663,  0.518590,  6.704294,  6.299033,  6.299037
 -1.689572,  1.561406,  4.588683,  4.094124,  4.094120
 -1.509898,  1.640275, 10.787138, 11.320341, 11.320354
 -0.057160,  1.518035,-11.972100,-11.495069,-11.495071
 -0.581805,  0.003043, 14.448156, 13.923950, 13.923946
  1.129453,  0.605259, 59.011707, 58.923851, 58.923840
 -0.227174, -1.453518, 34.262331, 34.392038, 34.392033
 -0.380893,  0.894679, -2.395669, -2.479315, -2.479317
 -1.539918,  1.642949, -0.970986, -1.294564, -1.294560
 -0.937283, -1.041344,  6.908312,  6.554560,  6.554561
 -1.089077,  1.112515,  3.340825,  3.197462,  3.197456
  0.192635, -1.185541, 68.358928, 68.645248, 68.645241
 -0.918399,  1.422576, -5.267837, -5.541099, -5.541096
 -0.967882, -1.041349,  4.466355,  4.533854,  4.533851
 -1.442820, -0.293556, 17.295908, 16.822320, 16.822319
 -1.077292, -1.048236, 14.371685, 13.915919, 13.915916
  0.311702,  0.997315, 25.264910, 25.337008, 25.337017
 -1.656055,  0.865052,  4.530611,  4.558459,  4.558452
 -1.109854, -1.492186, 21.432283, 22.016312, 22.016310
  1.716033,  0.163470,109.874767,110.278113,110.278122
 -0.699438,  0.299371, -1.417059, -1.230318, -1.230324
 -1.411442, -0.474457, 12.734589, 12.395355, 12.395359
 -1.623008,  1.302510,  5.113899,  5.477862,  5.477870
  0.331158,  0.870997, 28.079183, 27.660321, 27.660326
 -0.574979,  0.783447, 36.659869, 36.245670, 36.245667
 -0.197765, -0.166856, 17.803919, 17.613992, 17.613995
 -0.729766, -0.748656, 21.491494, 21.438833, 21.438828
 -0.700407,  0.753527,  8.926987,  8.594518,  8.594513
  1.172756,  1.057506, 62.805142, 62.674518, 62.674511
 -0.628252,  0.934139, 22.016742, 21.429830, 21.429827
 -0.405991, -1.437902, 42.396709, 42.414434, 42.414433
 -0.350350, -1.568088, 32.566761, 32.479604, 32.479603
  0.100506, -1.673168, 67.976419, 67.925214, 67.925209
  0.237607, -0.271128, 44.756707, 44.927316, 44.927307
  1.685111, -0.691254,155.963698,155.684311,155.684311
 -0.819461,  1.298198,  1.653298,  1.452515,  1.452511
  1.560477,  1.647307, 92.674971, 92.761824, 92.761818
  1.220956,  1.546451, 29.707413, 29.812129, 29.812128
  1.235959, -0.295033,117.804500,118.192080,118.192078
  1.409125,  0.514363, 83.598561, 83.576784, 83.576775
  0.087505,  0.000995, 45.010624, 45.102506, 45.102501
 -1.718399, -0.310915, 19.615568, 19.333869, 19.333881
  1.488908, -0.587814,123.998948,124.152196,124.152191
  0.227210,  1.239381, 39.312240, 39.112129, 39.112133
 -1.300916, -0.338025, 11.451432, 11.462797, 11.462799
  0.104908,  0.044639, 39.668173, 39.964488, 39.964489
  0.842263,  0.511938, 36.935142, 37.209574, 37.209564
 -0.238233, -0.497981, 17.664486, 17.879310, 17.879307
 -1.006733, -1.612287, 10.877001, 10.857836, 10.857830
  0.576257, -0.539333, 47.814297, 48.114344, 48.114342
 -1.446484, -1.353573, 33.987945, 33.556430, 33.556431
 -0.738167,  0.948213, -4.981002, -5.055484, -5.055485
  1.614657, -0.659288,137.578250,137.999604,137.999603
  0.826438,  0.941671, 31.325395, 31.557455, 31.557457
  0.504914,  0.771747, 18.872780, 18.828101, 18.828108
 -1.320442, -1.496915, 35.052600, 34.966445, 34.966442
 -0.882524, -1.600398, 33.429278, 32.947178, 32.947170
  1.301200,  1.115047, 57.370359, 57.254526, 57.254524
  1.207101,  0.886079, 54.158317, 54.146414, 54.146408
  0.451381, -0.874392, 51.263492, 51.353364, 51.353367
  1.384993, -0.716147,111.145845,111.236507,111.236496
